<?xml version="1.0" encoding="UTF-8"?>
<!DOCTYPE hibernate-mapping PUBLIC 
    "-//Hibernate/Hibernate Mapping DTD 3.0//EN"
    "http://www.hibernate.org/dtd/hibernate-mapping-3.0.dtd">
   <hibernate-mapping>
   <class name = "yash.com.MappingOnetoOne.Address" table = "address220">
  
      
      <meta attribute = "class-description">
         This class contains the employee detail. 
      </meta>
      
      <id name = "id" type = "int" column = "id">
         <generator class="native"/>  
      </id>
      
      <property name = "Name" column = "name" type = "string"/>
      <property name = "Email" column = "email" type = "string"/>
      <property name = "AddressLine1" column = "addressline1" type = "string"/>
      <property name = "City" column = "city" type = "string"/>
      <property name = "State" column = "state" type = "string"/>
      <property name = "Country" column = "country" type = "string"/>
      <property name = "Pincode" column = "pincode" type = "int"/>
      
      <one-to-one name="id" class="com.yash.OnetoOne.Employee" foreign-key="true" cascade="all"></one-to-one>
         </class>
</hibernate-mapping>
