<?xml version="1.0" encoding="UTF-8"?>

<!DOCTYPE hibernate-mapping PUBLIC 
    "-//Hibernate/Hibernate Mapping DTD 3.0//EN"
    "http://www.hibernate.org/dtd/hibernate-mapping-3.0.dtd">
   <hibernate-mapping>
   <class name = "yash.com.MappingOnetoOne.Employee" table = "emp220">
  
      
      <meta attribute = "class-description">
         This class contains the employee detail. 
      </meta>
      
      <id name = "id" type = "int" column = "id">
         <generator class="native"/>  
      </id>
      
      <property name = "EmployeeID" column = "employeeid" type = "string"/>
      <property name = "Name" column = "name" type = "string"/>
            <property name = "Email" column = "email" type = "string"/>
            <property name = "Address" column = "address" type = "string"/>
      
      
      
   </class>
</hibernate-mapping> 